{
  "entities": {
    "User": {
      "$schema": "http://json-schema.org/draft-07/schema#",
      "title": "User",
      "type": "object",
      "description": "Represents a user of the application. Stores basic profile information.",
      "properties": {
        "id": {
          "type": "string",
          "description": "Unique identifier for the User, matching the Firebase Auth UID."
        },
        "email": {
          "type": "string",
          "description": "Email address of the user.",
          "format": "email"
        },
        "name": {
          "type": "string",
          "description": "Full name of the user."
        },
        "createdAt": {
            "type": "string",
            "description": "The ISO 8601 date string of when the user account was created.",
            "format": "date-time"
        }
      },
      "required": [
        "id",
        "email",
        "name",
        "createdAt"
      ]
    },
    "Income": {
      "$schema": "http://json-schema.org/draft-07/schema#",
      "title": "Income",
      "type": "object",
      "description": "Represents a single income entry for a user.",
      "properties": {
        "id": {
          "type": "string",
          "description": "Unique identifier for the income entry."
        },
        "userId": {
          "type": "string",
          "description": "The UID of the user who owns this income entry."
        },
        "category": {
          "type": "string",
          "description": "Category of the income (e.g., Salary, Freelance, Bonus)."
        },
        "amount": {
          "type": "number",
          "description": "The amount of income received."
        },
        "date": {
          "type": "string",
          "description": "The date the income was received (YYYY-MM-DD)."
        },
        "description": {
          "type": "string",
          "description": "Optional description or notes about the income."
        }
      },
      "required": [
        "id",
        "userId",
        "category",
        "amount",
        "date"
      ]
    },
    "Expense": {
      "$schema": "http://json-schema.org/draft-07/schema#",
      "title": "Expense",
      "type": "object",
      "description": "Represents a single expense entry for a user.",
      "properties": {
        "id": {
          "type": "string",
          "description": "Unique identifier for the expense entry."
        },
        "userId": {
          "type": "string",
          "description": "The UID of the user who owns this expense entry."
        },
        "category": {
          "type": "string",
          "description": "Category of the expense (e.g., Housing, Food, Transportation)."
        },
        "amount": {
          "type": "number",
          "description": "The amount of the expense."
        },
        "date": {
          "type": "string",
          "description": "The date the expense was incurred (YYYY-MM-DD)."
        },
        "description": {
          "type": "string",
          "description": "Optional description or notes about the expense."
        }
      },
      "required": [
        "id",
        "userId",
        "category",
        "amount",
        "date"
      ]
    },
     "Budget": {
      "$schema": "http://json-schema.org/draft-07/schema#",
      "title": "Budget",
      "type": "object",
      "description": "Represents a monthly budget for a specific expense category.",
      "properties": {
        "id": {
          "type": "string",
          "description": "Unique identifier for the budget entry."
        },
        "userId": {
          "type": "string",
          "description": "The UID of the user who owns this budget."
        },
        "category": {
          "type": "string",
          "description": "The expense category this budget applies to (e.g., Groceries, Entertainment)."
        },
        "amount": {
          "type": "number",
          "description": "The allocated budget amount for the month."
        },
        "year": {
          "type": "number",
          "description": "The year the budget applies to (e.g., 2024)."
        },
        "month": {
          "type": "number",
          "description": "The month the budget applies to (1-12)."
        }
      },
      "required": ["id", "userId", "category", "amount", "year", "month"]
    },
    "Goal": {
        "$schema": "http://json-schema.org/draft-07/schema#",
        "title": "Goal",
        "type": "object",
        "description": "Represents a financial goal for a user.",
        "properties": {
          "id": {
            "type": "string",
            "description": "Unique identifier for the goal."
          },
          "userId": {
            "type": "string",
            "description": "The UID of the user who owns this goal."
          },
          "name": {
            "type": "string",
            "description": "The name or title of the financial goal."
          },
          "description": {
            "type": "string",
            "description": "A brief description of the goal."
          },
          "targetAmount": {
            "type": "number",
            "description": "The target amount to save for the goal."
          },
          "currentAmount": {
            "type": "number",
            "description": "The current amount saved towards the goal."
          }
        },
        "required": ["id", "userId", "name", "targetAmount", "currentAmount"]
      }
  },
  "auth": {
    "providers": [
      "password"
    ]
  },
  "firestore": {
    "structure": [
      {
        "path": "/users/{userId}",
        "definition": {
          "entityName": "User",
          "schema": {
            "$ref": "#/entities/User"
          },
          "description": "Top-level collection storing user profile information. The document ID must match the user's Firebase Auth UID."
        }
      },
      {
        "path": "/users/{userId}/incomes/{incomeId}",
        "definition": {
          "entityName": "Income",
          "schema": {
            "$ref": "#/entities/Income"
          },
          "description": "Subcollection storing income entries for a specific user. This structure ensures that all of a user's financial data is nested under their own document, simplifying security rules."
        }
      },
      {
        "path": "/users/{userId}/expenses/{expenseId}",
        "definition": {
          "entityName": "Expense",
          "schema": {
            "$ref": "#/entities/Expense"
          },
          "description": "Subcollection storing expense entries for a specific user, following the same user-centric data model as incomes."
        }
      },
      {
        "path": "/users/{userId}/budgets/{budgetId}",
        "definition": {
          "entityName": "Budget",
          "schema": { "$ref": "#/entities/Budget" },
          "description": "Subcollection storing monthly budget allocations for a specific user. This follows the same user-centric model, ensuring a user can only manage their own budgets."
        }
      },
       {
        "path": "/users/{userId}/goals/{goalId}",
        "definition": {
          "entityName": "Goal",
          "schema": { "$ref": "#/entities/Goal" },
          "description": "Subcollection storing financial goals for a specific user."
        }
      }
    ],
    "reasoning": "The Firestore structure is designed around a strict user-ownership model. The top-level `users` collection serves as the root for all user-specific data. Each financial record (`Income`, `Expense`, `Budget`, `Goal`) is placed in a subcollection under the corresponding user's document. This approach has several key advantages:\n1. **Scalability:** Queries for a single user's data are confined to their own document tree, ensuring performance as the number of users grows.\n2. **Security:** It allows for simple and effective security rules. We can secure all of a user's financial data by simply checking if the `request.auth.uid` matches the `userId` in the document path. This avoids complex queries or joins in security rules.\n3. **Data Integrity:** Nesting financial records under the user who owns them creates a clear and logical data model."
  }
}
